Species,Slope,Intercept,R2,LD,LQ,LD_1mL,LQ_1mL
CH4,203.697732528569,0.0144337103262194,0.998616245815254,0.000278078483321542,0.000926928277738472,0.0722236257955284,0.0754089817951389
CO2,208.54918540452,7.42289243000046,0.99870698735556,0.604633197821931,2.01544399273977,38.4922415892036,45.2571243777953
N2O,205.364158403754,6.50364906650155,0.99881123804174,26.741706871931,89.1390229064368,0.161884898498554,0.46572231842375
